source,demo_label,freq_hz,gain_linear,gain_db,phase_deg,gain_db_raw,phase_deg_raw,gain_db_reference,phase_deg_reference,gain_db_corrected,phase_deg_corrected
mock_fixture,Simulated no-hardware demo fixture,1000.0,1.0946422538089502,0.7854441628443293,-0.6891953079929891,0.5427086831566876,-1.819838384984986,-0.24273547968764164,-1.1306430769919968,0.7854441628443293,-0.6891953079929891
mock_fixture,Simulated no-hardware demo fixture,1102.1825252050103,1.1030853862666787,0.8521826214091196,-0.4506312751653002,0.6438734161651408,-1.6364143982189145,-0.2083092052439788,-1.1857831230536144,0.8521826214091196,-0.4506312751653002
mock_fixture,Simulated no-hardware demo fixture,1214.806318867293,1.1090352927747062,0.8989073380133354,-0.15009826256576372,0.6827368587406322,-1.3748160984673785,-0.21617047927270325,-1.2247178359016149,0.8989073380133354,-0.15009826256576372
mock_fixture,Simulated no-hardware demo fixture,1338.9382961641559,1.1055476913567062,0.8715496401726136,-0.10184045653966808,0.6722002834469316,-1.6368006570294358,-0.19934935672568202,-1.5349602004897678,0.8715496401726136,-0.10184045653966808
mock_fixture,Simulated no-hardware demo fixture,1475.754392359903,1.109527309139218,0.9027599224827991,0.20496230238913737,0.7501646391436538,-1.2848443658957378,-0.15259528333914524,-1.4898066682848752,0.9027599224827991,0.20496230238913737
mock_fixture,Simulated no-hardware demo fixture,1626.550702753625,1.0930251482963478,0.7726030860331818,0.7582279819779297,0.6002646641900066,-0.7855282348117071,-0.1723384218431753,-1.5437562167896368,0.7726030860331818,0.7582279819779297
mock_fixture,Simulated no-hardware demo fixture,1792.7557609349744,1.0890406327112643,0.7408816765311327,-0.34665701510398317,0.5609803906230828,-2.179294117701339,-0.17990128590804993,-1.8326371025973558,0.7408816765311327,-0.34665701510398317
mock_fixture,Simulated no-hardware demo fixture,1975.9440716631398,1.0760857517957523,0.6369376208045417,-0.11072942638525396,0.46835051534456107,-1.7122494677400253,-0.16858710545998068,-1.6015200413547714,0.6369376208045417,-0.11072942638525396
mock_fixture,Simulated no-hardware demo fixture,2177.851026569549,1.079580181326204,0.6650980656763963,-0.10895098783301096,0.4946578923090651,-1.8336790097319142,-0.17044017336733122,-1.7247280218989032,0.6650980656763963,-0.10895098783301096
mock_fixture,Simulated no-hardware demo fixture,2400.3893439847493,1.0680593798731661,0.5719079683521333,-0.391956967661425,0.4033409130121872,-2.2428692726628165,-0.16856705533994612,-1.8509123050013916,0.5719079683521333,-0.391956967661425
mock_fixture,Simulated no-hardware demo fixture,2645.667188628309,1.070611049769633,0.5926344284209522,-0.6724716651741651,0.3834558996404337,-2.567990191960609,-0.20917852878051849,-1.895518526786444,0.5926344284209522,-0.6724716651741651
mock_fixture,Simulated no-hardware demo fixture,2916.0081428143894,1.0580779940373812,0.4903536400250969,-0.7267185251557238,0.25847774522796463,-2.7559370604295528,-0.2318758947971323,-2.029218535273829,0.4903536400250969,-0.7267185251557238
mock_fixture,Simulated no-hardware demo fixture,3213.973218365539,1.0631242673911794,0.5316806336076115,-1.2749970503769608,0.3119273076970441,-3.607510951777561,-0.21975332591056745,-2.3325139014006004,0.5316806336076115,-1.2749970503769608
mock_fixture,Simulated no-hardware demo fixture,3542.3851177594,1.0657362168132019,0.5529944923336172,-1.2117023419713633,0.339323079845925,-3.4305786186949145,-0.21367141248769217,-2.2188762767235515,0.5529944923336172,-1.2117023419713633
mock_fixture,Simulated no-hardware demo fixture,3904.354974340707,1.0890587470214983,0.7410261501038539,-1.253677446818779,0.45965668524959935,-3.429830689267945,-0.2813694648542545,-2.176153242449166,0.7410261501038539,-1.253677446818779
mock_fixture,Simulated no-hardware demo fixture,4303.311824915583,1.0924455243367104,0.7679957948660431,-1.314578942616869,0.48780381124294847,-3.5195038641371266,-0.2801919836230946,-2.2049249215202575,0.7679957948660431,-1.314578942616869
mock_fixture,Simulated no-hardware demo fixture,4743.035093930039,1.0941957622637413,0.7819005691098199,-2.2556420142198657,0.4439744713274515,-4.964344873018286,-0.3379260977823684,-2.7087028587984197,0.7819005691098199,-2.2556420142198657
mock_fixture,Simulated no-hardware demo fixture,5227.690396963792,1.1134819783141334,0.9336638475706286,-2.9379792322181597,0.5907459575445023,-5.513333898170721,-0.34291789002612627,-2.575354665952561,0.9336638475706286,-2.9379792322181597
mock_fixture,Simulated no-hardware demo fixture,5761.869002715535,1.1142943872196376,0.9399988590342265,-3.3317383049940603,0.5920579254992557,-6.303386495242096,-0.3479409335349708,-2.971648190248036,0.9399988590342265,-3.3317383049940603
mock_fixture,Simulated no-hardware demo fixture,6350.631327313489,1.1043712208517247,0.8623016140322844,-3.267968251772771,0.4936827184725006,-6.329096987452625,-0.36861889555978383,-3.0611287356798544,0.8623016140322844,-3.267968251772771
mock_fixture,Simulated no-hardware demo fixture,6999.55487298442,1.1030294240311438,0.8517419536799594,-4.086427233317032,0.4671322967052247,-7.3037464441994455,-0.3846096569747347,-3.217319210882413,0.8517419536799594,-4.086427233317032
mock_fixture,Simulated no-hardware demo fixture,7714.78706521701,1.1016662825128736,0.841001153248979,-4.7774227300086425,0.40449962667816575,-8.256281715356259,-0.4365015265708132,-3.478858985347616,0.841001153248979,-4.7774227300086425
mock_fixture,Simulated no-hardware demo fixture,8503.103488959834,1.0766959018664453,0.6418612007780042,-4.968323449367176,0.18974476160085668,-8.517827909545058,-0.45211643917714756,-3.5495044601778827,0.6418612007780042,-4.968323449367176
mock_fixture,Simulated no-hardware demo fixture,9371.972075541284,1.0744434141505295,0.6236709638961023,-4.879980959911257,0.1785690864081071,-8.487607615151482,-0.44510187748799523,-3.6076266552402245,0.6236709638961023,-4.879980959911257
mock_fixture,Simulated no-hardware demo fixture,10329.623848370942,1.0726126973017591,0.6088586743841727,-5.59002708114435,0.14923927665725611,-9.542276780673372,-0.4596193977269166,-3.952249699529023,0.6088586743841727,-5.59002708114435
mock_fixture,Simulated no-hardware demo fixture,11385.130897615369,1.073400813677327,0.6152384032468877,-6.280990557008165,0.17109268786034443,-10.085586753880994,-0.4441457153865433,-3.8045961968728292,0.6152384032468877,-6.280990557008165
mock_fixture,Simulated no-hardware demo fixture,12548.49232252328,1.0717695793142976,0.6020285207794042,-6.672734238510627,0.1608321486359332,-10.880093496478331,-0.44119637214347096,-4.207359257967704,0.6020285207794042,-6.672734238510627
mock_fixture,Simulated no-hardware demo fixture,13830.728955554407,1.0877875846466423,0.730881954627648,-6.584323143355444,0.2711369818132597,-10.62178556246597,-0.45974497281438836,-4.037462419110526,0.730881954627648,-6.584323143355444
mock_fixture,Simulated no-hardware demo fixture,15243.987765659023,1.1118838634855213,0.9211885492122283,-7.04492011734629,0.49755134796436323,-11.87190375282135,-0.423637201247865,-4.8269836354750595,0.9211885492122283,-7.04492011734629
mock_fixture,Simulated no-hardware demo fixture,16801.65692974833,1.14092589390957,1.1451487356677243,-7.102201014568578,0.7313804346144094,-11.712807823558741,-0.41376830105331497,-4.610606808990163,1.1451487356677243,-7.102201014568578
mock_fixture,Simulated no-hardware demo fixture,18518.49266245829,1.1729073748797423,1.3852743400611576,-7.394773960620778,0.9806030948418394,-12.185655410031847,-0.40467124521931813,-4.790881449411069,1.3852743400611576,-7.394773960620778
mock_fixture,Simulated no-hardware demo fixture,20410.75900569875,1.204600059547849,1.6168576060669861,-7.613075562206706,1.1781309476569035,-12.307884018118084,-0.43872665841008274,-4.694808455911377,1.6168576060669861,-7.613075562206706
mock_fixture,Simulated no-hardware demo fixture,22496.38190225193,1.2458495332912987,1.9093118768441764,-8.251652761201521,1.5097963733142257,-13.135810729687101,-0.39951550352995074,-4.884157968485581,1.9093118768441764,-8.251652761201521
mock_fixture,Simulated no-hardware demo fixture,24795.119013000298,1.265529183972237,2.045443294776188,-8.132684308265707,1.6428495412246833,-13.025107370310145,-0.40259375355150484,-4.892423062044437,2.045443294776188,-8.132684308265707
mock_fixture,Simulated no-hardware demo fixture,27328.74688650746,1.2623261546666245,2.0234316127625864,-8.739020768515829,1.674140524245908,-13.786669303500219,-0.34929108851667845,-5.04764853498439,2.0234316127625864,-8.739020768515829
mock_fixture,Simulated no-hardware demo fixture,30121.26725405938,1.2409500979016896,1.8750863529129376,-9.843562487750447,1.5311949591568923,-15.020878716590925,-0.3438913937560452,-5.177316228840478,1.8750863529129376,-9.843562487750447
mock_fixture,Simulated no-hardware demo fixture,33199.13440445412,1.214891672343167,1.6907511027029785,-10.952124040463387,1.3359403691450638,-16.459947322422856,-0.3548107335579147,-5.507823281959469,1.6907511027029785,-10.952124040463387
mock_fixture,Simulated no-hardware demo fixture,36591.50579252181,1.169428210448313,1.3594713247312733,-12.253343060063814,1.016168837368306,-17.402992942114793,-0.34330248736296726,-5.149649882050977,1.3594713247312733,-12.253343060063814
mock_fixture,Simulated no-hardware demo fixture,40330.518255455485,1.1251898528026107,1.0245161390473423,-13.69249535823427,0.6640002561078098,-19.317639627654557,-0.3605158829395325,-5.625144269420287,1.0245161390473423,-13.69249535823427
mock_fixture,Simulated no-hardware demo fixture,44451.592453624646,1.0725371965345833,0.6082472566613981,-16.536056185907313,0.2418275948074053,-21.959832592956428,-0.36641966185399283,-5.423776407049114,0.6082472566613981,-16.536056185907313
mock_fixture,Simulated no-hardware demo fixture,48993.76841991994,1.032028211454676,0.27383138597171314,-18.376071849531723,-0.06382387242966109,-24.231220009464185,-0.3376552584013742,-5.855148159932461,0.27383138597171314,-18.376071849531723
mock_fixture,Simulated no-hardware demo fixture,54000.075396376895,1.0016977461118273,0.014733931659211205,-21.405726382972276,-0.3919497953583512,-26.865227392315457,-0.40668372701756245,-5.459501009343181,0.014733931659211205,-21.405726382972276
mock_fixture,Simulated no-hardware demo fixture,59517.9394616397,0.9690341643714757,-0.2732182229382106,-23.925270844289212,-0.7037382074778895,-29.66865135346927,-0.430519984539679,-5.743380509180056,-0.2732182229382106,-23.925270844289212
mock_fixture,Simulated no-hardware demo fixture,65599.6328108289,0.9310541831923521,-0.620500885706677,-27.231412611169713,-1.0503739404726544,-33.259102397748734,-0.4298730547659775,-6.027689786579023,-0.620500885706677,-27.231412611169713
mock_fixture,Simulated no-hardware demo fixture,72302.76894396091,0.9143500056748429,-0.7777505615537622,-29.733250983892678,-1.2356482938547355,-35.48528306622329,-0.4578977323009734,-5.752032082330609,-0.7777505615537622,-29.733250983892678
mock_fixture,Simulated no-hardware demo fixture,79690.84845396914,0.8956743662778601,-0.956997097677451,-33.19617413505907,-1.409890532731443,-39.01776198736164,-0.452893435053992,-5.8215878523025735,-0.956997097677451,-33.19617413505907
mock_fixture,Simulated no-hardware demo fixture,87833.86058472558,0.8724386965372865,-1.1853015954774035,-36.25665014834134,-1.6755438035137524,-42.258813924360496,-0.4902422080363488,-6.002163776019156,-1.1853015954774035,-36.25665014834134
mock_fixture,Simulated no-hardware demo fixture,96808.94625777756,0.8421120650814955,-1.4926022078216314,-38.72348803673635,-1.9803225091990815,-44.8937286312756,-0.48772030137745004,-6.170240594539251,-1.4926022078216314,-38.72348803673635
mock_fixture,Simulated no-hardware demo fixture,106701.1288488335,0.8048462560070622,-1.8857414372305839,-42.4145498421253,-2.4124595928233328,-48.57631203110761,-0.526718155592749,-6.161762188982318,-1.8857414372305839,-42.4145498421253
mock_fixture,Simulated no-hardware demo fixture,117604.11963683259,0.782589271079458,-2.1293222072380247,-44.771649717694416,-2.68367816005845,-50.75052701873499,-0.5543559528204253,-5.978877301040574,-2.1293222072380247,-44.771649717694416
mock_fixture,Simulated no-hardware demo fixture,129621.20555583615,0.7352514310620851,-2.6712824305555833,-48.42440672587049,-3.2452568967767768,-54.63321510916947,-0.5739744662211932,-6.208808383298976,-2.6712824305555833,-48.42440672587049
mock_fixture,Simulated no-hardware demo fixture,142866.22765964904,0.6856822804396959,-3.2775414705640356,-51.495751628478786,-3.9023816141384415,-57.657704825522025,-0.6248401435744058,-6.161953197043241,-3.2775414705640356,-51.495751628478786
mock_fixture,Simulated no-hardware demo fixture,157464.65956842602,0.6396349565518293,-3.881356194866291,-54.22325861764345,-4.493499804857033,-60.47396680180035,-0.6121436099907426,-6.250708184156902,-3.881356194866291,-54.22325861764345
mock_fixture,Simulated no-hardware demo fixture,173554.79611367523,0.5951868940092687,-4.5069328100675214,-57.238185318764565,-5.140026735650732,-63.700968193613654,-0.6330939255832109,-6.462782874849092,-4.5069328100675214,-57.238185318764565
mock_fixture,Simulated no-hardware demo fixture,191289.06344201107,0.5518245431778371,-5.163979751306178,-59.61019130039137,-5.771588245345932,-66.1086460301845,-0.6076084940397545,-6.498454729793136,-5.163979751306178,-59.61019130039137
mock_fixture,Simulated no-hardware demo fixture,210835.46298861736,0.5097805765118311,-5.852334317877693,-62.038052859072295,-6.468461407220598,-68.58307714515038,-0.6161270893429054,-6.545024286078085,-5.852334317877693,-62.038052859072295
mock_fixture,Simulated no-hardware demo fixture,232379.16299956202,0.4773282515342687,-6.423657207402327,-63.7361909783563,-7.062680778477102,-70.47625791151421,-0.6390235710747745,-6.740066933157912,-6.423657207402327,-63.7361909783563
mock_fixture,Simulated no-hardware demo fixture,256124.25267988368,0.4371701610064753,-7.186989768503312,-66.39176317229496,-7.825228160184892,-73.4166992202608,-0.6382383916815796,-7.024936047965838,-7.186989768503312,-66.39176317229496
mock_fixture,Simulated no-hardware demo fixture,282295.67558496,0.4030387156555061,-7.893064675790587,-68.48933732666343,-8.495775099838877,-75.53014149669359,-0.6027104240482901,-7.04080417003016,-7.893064675790587,-68.48933732666343
mock_fixture,Simulated no-hardware demo fixture,311141.3605706859,0.3741131155877412,-8.539941322401223,-70.2231831939938,-9.117331535478431,-77.25103131435765,-0.5773902130772083,-7.027848120363849,-8.539941322401223,-70.2231831939938
mock_fixture,Simulated no-hardware demo fixture,342934.5704895215,0.34747434122354504,-9.181545195661736,-71.77378474492475,-9.766828836176112,-79.02219832617592,-0.5852836405143764,-7.248413581251171,-9.181545195661736,-71.77378474492475
mock_fixture,Simulated no-hardware demo fixture,377976.490882236,0.3181561887017308,-9.947192490964618,-73.99390484567766,-10.526134732838715,-81.41066005973138,-0.5789422418740965,-7.416755214053728,-9.947192490964618,-73.99390484567766
mock_fixture,Simulated no-hardware demo fixture,416599.08318871184,0.29307733421414983,-10.660355347802579,-75.19535305978168,-11.246340565702692,-82.55460902720353,-0.5859852179001138,-7.359255967421844,-10.660355347802579,-75.19535305978168
mock_fixture,Simulated no-hardware demo fixture,459168.22950702696,0.2706144491415213,-11.352980369483367,-76.97774723539014,-11.976796162916035,-84.70670205497534,-0.623815793432668,-7.728954819585197,-11.352980369483367,-76.97774723539014
mock_fixture,Simulated no-hardware demo fixture,506087.19869196817,0.24487791201551,-12.221007729306256,-77.42268365747306,-12.792427992105178,-85.22776178943184,-0.5714202627989224,-7.805078131958782,-12.221007729306256,-77.42268365747306
mock_fixture,Simulated no-hardware demo fixture,557800.4666282426,0.22137078547970412,-13.09759387891318,-79.13847218779563,-13.63148198156949,-87.04413557511447,-0.5338881026563097,-7.905663387318836,-13.09759387891318,-79.13847218779563
mock_fixture,Simulated no-hardware demo fixture,614797.9268688501,0.20140359067910785,-13.918655819816644,-79.6106508302024,-14.444635211214212,-87.59889607651428,-0.5259793913975688,-7.98824524631187,-13.918655819816644,-79.6106508302024
mock_fixture,Simulated no-hardware demo fixture,677619.5315271151,0.18114166054681222,-14.839633106932858,-80.75872934994489,-15.396048351739694,-89.1379745559753,-0.5564152448068347,-8.379245206030413,-14.839633106932858,-80.75872934994489
mock_fixture,Simulated no-hardware demo fixture,746860.406386791,0.16435121992033155,-15.68454135915525,-80.85037213779485,-16.20660378667284,-89.31819300795213,-0.522062427517588,-8.467820870157286,-15.68454135915525,-80.85037213779485
mock_fixture,Simulated no-hardware demo fixture,823176.4886870343,0.14918596698416586,-16.52544052761106,-81.91164183007417,-17.082338031679587,-90.34419201896046,-0.5568975040685262,-8.432550188886282,-16.52544052761106,-81.91164183007417
mock_fixture,Simulated no-hardware demo fixture,907290.7409904699,0.13406895355252893,-17.45343560804899,-82.37070704537146,-17.98405181598562,-91.13246858315658,-0.5306162079366278,-8.761761537785125,-17.45343560804899,-82.37070704537146
mock_fixture,Simulated no-hardware demo fixture,1000000.0,0.1214338868637889,-18.31320207669061,-83.04382503851535,-18.886987838708855,-91.79585655615504,-0.5737857620182423,-8.752031517639699,-18.31320207669061,-83.04382503851535
